شماره و گروه درس,نام درس,ظر فيت,جنسيت,نام استاد,ساعات ارائه و امتحان,محل,دروس پيش نياز، همنياز، متضاد و معادل,توضيحات,واحد_کل,واحد_ع,_unit_a_col_used,is_fake,fake_reason
1818080_01,تربيت بدني,15,مرد,نخ زري مقدم محسن,درس(ع): سه شنبه 13:00-15:00,سالن ورزشي 22 بهمن _ تربيت بدني,"معادل: 4816109 تربيت بدني 1
معادل: 1816070 تربيت بدني 1
معادل: 1818084 تربيت بدني ويژه
معادل: 1816080 تربيت بدني
معادل: 1816084 تربيت بدني ويژه",,1,1,واحد_ع,False,
1818080_02,تربيت بدني,15,مرد,نخ زري مقدم محسن,درس(ع): چهارشنبه 13:00-15:00,سالن ورزشي 22 بهمن _ تربيت بدني,"معادل: 4816109 تربيت بدني 1
معادل: 1816070 تربيت بدني 1
معادل: 1818084 تربيت بدني ويژه
معادل: 1816080 تربيت بدني
معادل: 1816084 تربيت بدني ويژه",,1,1,واحد_ع,False,
1818080_03,تربيت بدني,15,مرد,رخشاني امير حسين,درس(ع): شنبه 15:00-17:00,سالن ورزشي 22 بهمن _ تربيت بدني,"معادل: 4816109 تربيت بدني 1
معادل: 1816070 تربيت بدني 1
معادل: 1818084 تربيت بدني ويژه
معادل: 1816080 تربيت بدني
معادل: 1816084 تربيت بدني ويژه",,1,1,واحد_ع,False,
1818080_04,تربيت بدني,15,مرد,رخشاني امير حسين,درس(ع): شنبه 18:00-20:00,سالن ورزشي 22 بهمن _ تربيت بدني,"معادل: 4816109 تربيت بدني 1
معادل: 1816070 تربيت بدني 1
معادل: 1818084 تربيت بدني ويژه
معادل: 1816080 تربيت بدني
معادل: 1816084 تربيت بدني ويژه",,1,1,واحد_ع,False,
1818080_06,تربيت بدني,15,مرد,رخشاني امير حسين,درس(ع): يك شنبه 18:00-20:00,سالن ورزشي 22 بهمن _ تربيت بدني,"معادل: 4816109 تربيت بدني 1
معادل: 1816070 تربيت بدني 1
معادل: 1818084 تربيت بدني ويژه
معادل: 1816080 تربيت بدني
معادل: 1816084 تربيت بدني ويژه",,1,1,واحد_ع,False,
1818080_07,تربيت بدني,15,مرد,رخشاني امير حسين,درس(ع): دوشنبه 18:00-20:00,سالن ورزشي 22 بهمن _ آمادگي جسماني,"معادل: 4816109 تربيت بدني 1
معادل: 1816070 تربيت بدني 1
معادل: 1818084 تربيت بدني ويژه
معادل: 1816080 تربيت بدني
معادل: 1816084 تربيت بدني ويژه",,1,1,واحد_ع,False,
1818080_08,تربيت بدني,15,مرد,مولائي رحمت اله,درس(ع): يك شنبه 18:00-20:00,سالن ورزشي 22 بهمن _ آمادگي جسماني,"معادل: 4816109 تربيت بدني 1
معادل: 1816070 تربيت بدني 1
معادل: 1818084 تربيت بدني ويژه
معادل: 1816080 تربيت بدني
معادل: 1816084 تربيت بدني ويژه",,1,1,واحد_ع,False,
1818080_09,تربيت بدني,15,مرد,مولائي رحمت اله,درس(ع): سه شنبه 15:00-17:00,سالن ورزشي 22 بهمن _ تربيت بدني,"معادل: 4816109 تربيت بدني 1
معادل: 1816070 تربيت بدني 1
معادل: 1818084 تربيت بدني ويژه
معادل: 1816080 تربيت بدني
معادل: 1816084 تربيت بدني ويژه",,1,1,واحد_ع,False,
1818080_10,تربيت بدني,15,مرد,مولائي رحمت اله,درس(ع): سه شنبه 18:00-20:00,سالن ورزشي 22 بهمن _ تربيت بدني,"معادل: 4816109 تربيت بدني 1
معادل: 1816070 تربيت بدني 1
معادل: 1818084 تربيت بدني ويژه
معادل: 1816080 تربيت بدني
معادل: 1816084 تربيت بدني ويژه",,1,1,واحد_ع,False,
1818080_15,تربيت بدني,15,زن,ريگي مينا,درس(ع): يك شنبه 07:30-09:30,سالن ورزشي كوثر _ تربيت بدني,"معادل: 4816109 تربيت بدني 1
معادل: 1816070 تربيت بدني 1
معادل: 1818084 تربيت بدني ويژه
معادل: 1816080 تربيت بدني
معادل: 1816084 تربيت بدني ويژه",,1,1,واحد_ع,False,
1818080_16,تربيت بدني,15,زن,ريگي مينا,درس(ع): يك شنبه 09:30-11:30,سالن ورزشي كوثر _ تربيت بدني,"معادل: 4816109 تربيت بدني 1
معادل: 1816070 تربيت بدني 1
معادل: 1818084 تربيت بدني ويژه
معادل: 1816080 تربيت بدني
معادل: 1816084 تربيت بدني ويژه",,1,1,واحد_ع,False,
1818080_17,تربيت بدني,15,زن,ريگي مينا,درس(ع): دوشنبه 07:30-09:30,سالن ورزشي كوثر _ تربيت بدني,"معادل: 4816109 تربيت بدني 1
معادل: 1816070 تربيت بدني 1
معادل: 1818084 تربيت بدني ويژه
معادل: 1816080 تربيت بدني
معادل: 1816084 تربيت بدني ويژه",,1,1,واحد_ع,False,
1818080_18,تربيت بدني,15,زن,راشكي قلعه نو روشنا,درس(ع): دوشنبه 07:30-09:30,سالن ورزشي كوثر _ آمادگي جسماني,"معادل: 4816109 تربيت بدني 1
معادل: 1816070 تربيت بدني 1
معادل: 1818084 تربيت بدني ويژه
معادل: 1816080 تربيت بدني
معادل: 1816084 تربيت بدني ويژه",,1,1,واحد_ع,False,
1818080_19,تربيت بدني,15,زن,راشكي قلعه نو روشنا,درس(ع): دوشنبه 09:30-11:30,سالن ورزشي كوثر _ تربيت بدني,"معادل: 4816109 تربيت بدني 1
معادل: 1816070 تربيت بدني 1
معادل: 1818084 تربيت بدني ويژه
معادل: 1816080 تربيت بدني
معادل: 1816084 تربيت بدني ويژه",,1,1,واحد_ع,False,
1818080_20,تربيت بدني,15,زن,جهانتيغ زهرا,درس(ع): سه شنبه 07:30-09:30,سالن ورزشي كوثر _ تربيت بدني,"معادل: 4816109 تربيت بدني 1
معادل: 1816070 تربيت بدني 1
معادل: 1818084 تربيت بدني ويژه
معادل: 1816080 تربيت بدني
معادل: 1816084 تربيت بدني ويژه",,1,1,واحد_ع,False,
1818080_21,تربيت بدني,15,زن,جهانتيغ زهرا,درس(ع): سه شنبه 09:30-11:30,سالن ورزشي كوثر _ تربيت بدني,"معادل: 4816109 تربيت بدني 1
معادل: 1816070 تربيت بدني 1
معادل: 1818084 تربيت بدني ويژه
معادل: 1816080 تربيت بدني
معادل: 1816084 تربيت بدني ويژه",,1,1,واحد_ع,False,
1818080_22,تربيت بدني,15,زن,راشكي قلعه نو روشنا,درس(ع): سه شنبه 07:30-09:30,سالن ورزشي كوثر _ ورزش 1,"معادل: 4816109 تربيت بدني 1
معادل: 1816070 تربيت بدني 1
معادل: 1818084 تربيت بدني ويژه
معادل: 1816080 تربيت بدني
معادل: 1816084 تربيت بدني ويژه",,1,1,واحد_ع,False,
1818080_23,تربيت بدني,15,زن,جهانتيغ زهرا,درس(ع): چهارشنبه 07:30-09:30,سالن ورزشي كوثر _ تربيت بدني,"معادل: 4816109 تربيت بدني 1
معادل: 1816070 تربيت بدني 1
معادل: 1818084 تربيت بدني ويژه
معادل: 1816080 تربيت بدني
معادل: 1816084 تربيت بدني ويژه",,1,1,واحد_ع,False,
1818080_24,تربيت بدني,15,زن,جهانتيغ زهرا,درس(ع): سه شنبه 13:00-15:00,سالن ورزشي كوثر _ سالن ورزشي كوثر,"معادل: 4816109 تربيت بدني 1
معادل: 1816070 تربيت بدني 1
معادل: 1818084 تربيت بدني ويژه
معادل: 1816080 تربيت بدني
معادل: 1816084 تربيت بدني ويژه",,1,1,واحد_ع,False,
3022056_01,دانش خانواده و جمعيت,35,زن,عبدالعلي نژاد الهه,"درس(ت): چهارشنبه 07:30-09:30
امتحان(1404.11.06) ساعت : 12:30-14:30",ساختمان كلاسهاي دانشكده مهندسي _ كلاس 209,"معادل: 4816021 دانش خانواده و جمعيت
معادل: 1812700 دانش خانواده و جمعيت
معادل: 3022014 اخلاق غريزه - مركز مبنا (دانش خانواده وجمعيت)
معادل: 3022019 اخلاق اجتماعي(دانش خانواده وجمعيت )",,2,0,واحد_ع,False,
3022056_02,دانش خانواده و جمعيت,35,مرد,جباري حسينعلي,"درس(ت): يك شنبه 18:00-20:00
امتحان(1404.11.06) ساعت : 12:30-14:30",ساختمان كلاسهاي دانشكده مهندسي _ كلاس 206,"معادل: 4816021 دانش خانواده و جمعيت
معادل: 1812700 دانش خانواده و جمعيت
معادل: 3022014 اخلاق غريزه - مركز مبنا (دانش خانواده وجمعيت)
معادل: 3022019 اخلاق اجتماعي(دانش خانواده وجمعيت )",,2,0,واحد_ع,False,
3022056_03,دانش خانواده و جمعيت,35,زن,عبدالعلي نژاد الهه,"درس(ت): چهارشنبه 09:30-11:30
امتحان(1404.11.06) ساعت : 12:30-14:30",ساختمان كلاسهاي دانشكده مهندسي _ كلاس 209,"معادل: 4816021 دانش خانواده و جمعيت
معادل: 1812700 دانش خانواده و جمعيت
معادل: 3022014 اخلاق غريزه - مركز مبنا (دانش خانواده وجمعيت)
معادل: 3022019 اخلاق اجتماعي(دانش خانواده وجمعيت )",,2,0,واحد_ع,False,
3022056_04,دانش خانواده و جمعيت,35,مرد,رخشاني نژاد مالك,"درس(ت): دوشنبه 07:30-09:30
امتحان(1404.11.06) ساعت : 12:30-14:30",ساختمان كلاسهاي دانشكده مهندسي _ كلاس 209,"معادل: 4816021 دانش خانواده و جمعيت
معادل: 1812700 دانش خانواده و جمعيت
معادل: 3022014 اخلاق غريزه - مركز مبنا (دانش خانواده وجمعيت)
معادل: 3022019 اخلاق اجتماعي(دانش خانواده وجمعيت )",,2,0,واحد_ع,False,
3022056_05,دانش خانواده و جمعيت,35,زن,غزنوي عصمت,"درس(ت): شنبه 07:30-09:30
امتحان(1404.11.06) ساعت : 12:30-14:30",ساختمان كلاسهاي دانشكده مهندسي _ كلاس 209,"معادل: 4816021 دانش خانواده و جمعيت
معادل: 1812700 دانش خانواده و جمعيت
معادل: 3022014 اخلاق غريزه - مركز مبنا (دانش خانواده وجمعيت)
معادل: 3022019 اخلاق اجتماعي(دانش خانواده وجمعيت )",,2,0,واحد_ع,False,
3022056_06,دانش خانواده و جمعيت,35,مرد,رخشاني نژاد مالك,"درس(ت): دوشنبه 09:30-11:30
امتحان(1404.11.06) ساعت : 12:30-14:30",ساختمان كلاسهاي دانشكده مهندسي _ كلاس 209,"معادل: 4816021 دانش خانواده و جمعيت
معادل: 1812700 دانش خانواده و جمعيت
معادل: 3022014 اخلاق غريزه - مركز مبنا (دانش خانواده وجمعيت)
معادل: 3022019 اخلاق اجتماعي(دانش خانواده وجمعيت )",,2,0,واحد_ع,False,
3022056_07,دانش خانواده و جمعيت,35,زن,غزنوي عصمت,"درس(ت): شنبه 09:30-11:30
امتحان(1404.11.06) ساعت : 12:30-14:30",ساختمان كلاسهاي دانشكده مهندسي _ كلاس 209,"معادل: 4816021 دانش خانواده و جمعيت
معادل: 1812700 دانش خانواده و جمعيت
معادل: 3022014 اخلاق غريزه - مركز مبنا (دانش خانواده وجمعيت)
معادل: 3022019 اخلاق اجتماعي(دانش خانواده وجمعيت )",,2,0,واحد_ع,False,
3022056_08,دانش خانواده و جمعيت,35,مرد,مهران محمد علي,"درس(ت): يك شنبه 18:00-20:00
امتحان(1404.11.06) ساعت : 07:30-09:30",ساختمان كلاسهاي دانشكده مهندسي _ كلاس 211,"معادل: 4816021 دانش خانواده و جمعيت
معادل: 1812700 دانش خانواده و جمعيت
معادل: 3022014 اخلاق غريزه - مركز مبنا (دانش خانواده وجمعيت)
معادل: 3022019 اخلاق اجتماعي(دانش خانواده وجمعيت )",,2,0,واحد_ع,False,
3022056_09,دانش خانواده و جمعيت,35,زن,مهران محمد علي,"درس(ت): شنبه 15:00-17:00
امتحان(1404.11.06) ساعت : 12:30-14:30",ساختمان كلاسهاي دانشكده مهندسي _ كلاس 211,"معادل: 4816021 دانش خانواده و جمعيت
معادل: 1812700 دانش خانواده و جمعيت
معادل: 3022014 اخلاق غريزه - مركز مبنا (دانش خانواده وجمعيت)
معادل: 3022019 اخلاق اجتماعي(دانش خانواده وجمعيت )",,2,0,واحد_ع,False,
3022056_11,دانش خانواده و جمعيت,35,زن,اساتيد گروه آموزشي,"درس(ت): يك شنبه 07:30-09:30
امتحان(1404.11.06) ساعت : 12:30-14:30",ساختمان كلاسهاي دانشكده مهندسي _ كلاس 202,"معادل: 4816021 دانش خانواده و جمعيت
معادل: 1812700 دانش خانواده و جمعيت
معادل: 3022014 اخلاق غريزه - مركز مبنا (دانش خانواده وجمعيت)
معادل: 3022019 اخلاق اجتماعي(دانش خانواده وجمعيت )",,2,0,واحد_ع,False,
3022056_13,دانش خانواده و جمعيت,35,زن,اساتيد گروه آموزشي,"درس(ت): يك شنبه 09:30-11:30
امتحان(1404.11.06) ساعت : 12:30-14:30",ساختمان كلاسهاي دانشكده مهندسي _ كلاس 202,"معادل: 4816021 دانش خانواده و جمعيت
معادل: 1812700 دانش خانواده و جمعيت
معادل: 3022014 اخلاق غريزه - مركز مبنا (دانش خانواده وجمعيت)
معادل: 3022019 اخلاق اجتماعي(دانش خانواده وجمعيت )",,2,0,واحد_ع,False,
3022056_15,دانش خانواده و جمعيت,35,زن,براهويي جهانشاهي مريم,"درس(ت): سه شنبه 15:00-17:00
امتحان(1404.11.06) ساعت : 12:30-14:30",,"معادل: 4816021 دانش خانواده و جمعيت
معادل: 1812700 دانش خانواده و جمعيت
معادل: 3022014 اخلاق غريزه - مركز مبنا (دانش خانواده وجمعيت)
معادل: 3022019 اخلاق اجتماعي(دانش خانواده وجمعيت )",,2,0,واحد_ع,False,
3022052_01,تفسير موضوعي نهج البلاغه,35,زن,نيري عصمت,"درس(ت): دوشنبه 13:00-15:00
امتحان(1404.11.02) ساعت : 07:30-09:30",دانشكده مديريت و اقتصاد _ تالار معراج,"معادل: 4816003 تفسير موضوعي نهج البلاغه
معادل: 3022013 سيره حكمراني اميرالمومنين(ع)درنهج البلاغه(تفسيرموضوعي نهج البلاغه)
معادل: 3022051 تفسير موضوعي قران",,2,0,واحد_ع,False,
3022052_02,تفسير موضوعي نهج البلاغه,35,مرد,محمودي صاحبي مصطفي,"درس(ت): دوشنبه 07:30-09:30
امتحان(1404.11.02) ساعت : 07:30-09:30",دانشكده مديريت و اقتصاد _ تالار معراج,"معادل: 4816003 تفسير موضوعي نهج البلاغه
معادل: 3022013 سيره حكمراني اميرالمومنين(ع)درنهج البلاغه(تفسيرموضوعي نهج البلاغه)
معادل: 3022051 تفسير موضوعي قران",,2,0,واحد_ع,False,
3022052_03,تفسير موضوعي نهج البلاغه,35,زن,نيري عصمت,"درس(ت): سه شنبه 13:00-15:00
امتحان(1404.11.02) ساعت : 07:30-08:30",ساختمان كلاسهاي دانشكده مهندسي _ كلاس 202,"معادل: 4816003 تفسير موضوعي نهج البلاغه
معادل: 3022013 سيره حكمراني اميرالمومنين(ع)درنهج البلاغه(تفسيرموضوعي نهج البلاغه)
معادل: 3022051 تفسير موضوعي قران",,2,0,واحد_ع,False,
3022051_01,تفسير موضوعي قران,35,زن,اكبري قدسيه,"درس(ت): چهارشنبه 07:30-09:30
امتحان(1404.11.02) ساعت : 07:30-09:30",ساختمان كلاسهاي دانشكده مهندسي _ كلاس 206,"معادل: 3022052 تفسير موضوعي نهج البلاغه
معادل: 4816002 تفسير موضوعي قرآن كريم
معادل: 3022012 انس باقرآن مركز مبنا(تفسيرموضوعي قرآن كريم)",,2,0,واحد_ع,False,
3022051_02,تفسير موضوعي قران,35,مرد,محمودي صاحبي مصطفي,"درس(ت): شنبه 15:00-17:00
امتحان(1404.11.02) ساعت : 07:30-09:30",ساختمان كلاسهاي دانشكده مهندسي _ كلاس 209,"معادل: 3022052 تفسير موضوعي نهج البلاغه
معادل: 4816002 تفسير موضوعي قرآن كريم
معادل: 3022012 انس باقرآن مركز مبنا(تفسيرموضوعي قرآن كريم)",,2,0,واحد_ع,False,
3022051_03,تفسير موضوعي قران,35,زن,نجفي سواد رودباري رضوانه,"درس(ت): سه شنبه 13:00-15:00
امتحان(1404.11.02) ساعت : 07:30-09:30",دانشكده مديريت و اقتصاد _ 923,"معادل: 3022052 تفسير موضوعي نهج البلاغه
معادل: 4816002 تفسير موضوعي قرآن كريم
معادل: 3022012 انس باقرآن مركز مبنا(تفسيرموضوعي قرآن كريم)",,2,0,واحد_ع,False,
3022051_04,تفسير موضوعي قران,35,مرد,محمودي صاحبي مصطفي,"درس(ت): شنبه 18:00-20:00
امتحان(1404.11.02) ساعت : 07:30-09:30",ساختمان كلاسهاي دانشكده مهندسي _ كلاس 209,"معادل: 3022052 تفسير موضوعي نهج البلاغه
معادل: 4816002 تفسير موضوعي قرآن كريم
معادل: 3022012 انس باقرآن مركز مبنا(تفسيرموضوعي قرآن كريم)",,2,0,واحد_ع,False,
3022051_05,تفسير موضوعي قران,35,زن,نجفي سواد رودباري رضوانه,"درس(ت): چهارشنبه 07:30-09:30
امتحان(1404.11.02) ساعت : 07:30-09:30",دانشكده مديريت و اقتصاد _ 923,"معادل: 3022052 تفسير موضوعي نهج البلاغه
معادل: 4816002 تفسير موضوعي قرآن كريم
معادل: 3022012 انس باقرآن مركز مبنا(تفسيرموضوعي قرآن كريم)",,2,0,واحد_ع,False,
3022051_06,تفسير موضوعي قران,35,مرد,محمودي صاحبي مصطفي,"درس(ت): سه شنبه 09:30-11:30
امتحان(1404.11.02) ساعت : 07:30-09:30",ساختمان كلاسهاي دانشكده مهندسي _ كلاس 209,"معادل: 3022052 تفسير موضوعي نهج البلاغه
معادل: 4816002 تفسير موضوعي قرآن كريم
معادل: 3022012 انس باقرآن مركز مبنا(تفسيرموضوعي قرآن كريم)",,2,0,واحد_ع,False,
3022051_07,تفسير موضوعي قران,35,زن,نجفي سواد رودباري رضوانه,"درس(ت): چهارشنبه 13:00-15:00
امتحان(1404.11.02) ساعت : 07:30-09:30",دانشكده مديريت و اقتصاد _ 923,"معادل: 3022052 تفسير موضوعي نهج البلاغه
معادل: 4816002 تفسير موضوعي قرآن كريم
معادل: 3022012 انس باقرآن مركز مبنا(تفسيرموضوعي قرآن كريم)",,2,0,واحد_ع,False,
3022051_08,تفسير موضوعي قران,35,مرد,بامري عبدالواحد,"درس(ت): يك شنبه 18:00-20:00
امتحان(1404.11.02) ساعت : 07:30-09:30",دانشكده مديريت و اقتصاد _ تالار معراج,"معادل: 3022052 تفسير موضوعي نهج البلاغه
معادل: 4816002 تفسير موضوعي قرآن كريم
معادل: 3022012 انس باقرآن مركز مبنا(تفسيرموضوعي قرآن كريم)",,2,0,واحد_ع,False,
3022051_09,تفسير موضوعي قران,35,زن,نيري عصمت,"درس(ت): يك شنبه 15:00-17:00
امتحان(1404.11.02) ساعت : 07:30-09:30",دانشكده مديريت و اقتصاد _ تالار معراج,"معادل: 3022052 تفسير موضوعي نهج البلاغه
معادل: 4816002 تفسير موضوعي قرآن كريم
معادل: 3022012 انس باقرآن مركز مبنا(تفسيرموضوعي قرآن كريم)",,2,0,واحد_ع,False,
3022031_01,انقلاب اسلامي ايران,35,زن,كريمي يعقوب,"درس(ت): شنبه 13:00-15:00
امتحان(1404.11.02) ساعت : 07:30-09:30",دانشكده مديريت و اقتصاد _ تالار معراج,"معادل: 3022032 آشنايي با قانون اساسي جمهوري اسلامي ايران
معادل: 3022006 منظومه فكري تمدني رهبري(انقلاب اسلامي)
معادل: 3022033 انديشه سياسي امام خميني (ره)
معادل: 4816009 انقلاب اسلامي ايران و ريشه هاي آن
معادل: 3022005 جريان شناسي سياسي صدساله ايران(انقلاب اسلامي)
معادل: 3210032 انقلاب اسلامي ايران",,2,0,واحد_ع,False,
3022031_02,انقلاب اسلامي ايران,35,مرد,ميرلطفي پرويز رضا,"درس(ت): چهارشنبه 13:00-15:00
امتحان(1404.11.02) ساعت : 07:30-09:30",ساختمان كلاسهاي دانشكده مهندسي _ كلاس 209,"معادل: 3022032 آشنايي با قانون اساسي جمهوري اسلامي ايران
معادل: 3022006 منظومه فكري تمدني رهبري(انقلاب اسلامي)
معادل: 3022033 انديشه سياسي امام خميني (ره)
معادل: 4816009 انقلاب اسلامي ايران و ريشه هاي آن
معادل: 3022005 جريان شناسي سياسي صدساله ايران(انقلاب اسلامي)
معادل: 3210032 انقلاب اسلامي ايران",,2,0,واحد_ع,False,
3022031_03,انقلاب اسلامي ايران,35,زن,كريمي يعقوب,"درس(ت): شنبه 15:00-17:00
امتحان(1404.11.02) ساعت : 07:30-09:30",دانشكده مديريت و اقتصاد _ 923,"معادل: 3022032 آشنايي با قانون اساسي جمهوري اسلامي ايران
معادل: 3022006 منظومه فكري تمدني رهبري(انقلاب اسلامي)
معادل: 3022033 انديشه سياسي امام خميني (ره)
معادل: 4816009 انقلاب اسلامي ايران و ريشه هاي آن
معادل: 3022005 جريان شناسي سياسي صدساله ايران(انقلاب اسلامي)
معادل: 3210032 انقلاب اسلامي ايران",,2,0,واحد_ع,False,
3022031_04,انقلاب اسلامي ايران,35,مرد,ميرلطفي پرويز رضا,"درس(ت): چهارشنبه 18:00-20:00
امتحان(1404.11.02) ساعت : 07:30-09:30",ساختمان كلاسهاي دانشكده مهندسي _ كلاس 209,"معادل: 3022032 آشنايي با قانون اساسي جمهوري اسلامي ايران
معادل: 3022006 منظومه فكري تمدني رهبري(انقلاب اسلامي)
معادل: 3022033 انديشه سياسي امام خميني (ره)
معادل: 4816009 انقلاب اسلامي ايران و ريشه هاي آن
معادل: 3022005 جريان شناسي سياسي صدساله ايران(انقلاب اسلامي)
معادل: 3210032 انقلاب اسلامي ايران",,2,0,واحد_ع,False,
3022031_05,انقلاب اسلامي ايران,35,زن,كريمي يعقوب,"درس(ت): شنبه 18:00-20:00
امتحان(1404.11.02) ساعت : 07:30-09:30",دانشكده مديريت و اقتصاد _ تالار معراج,"معادل: 3022032 آشنايي با قانون اساسي جمهوري اسلامي ايران
معادل: 3022006 منظومه فكري تمدني رهبري(انقلاب اسلامي)
معادل: 3022033 انديشه سياسي امام خميني (ره)
معادل: 4816009 انقلاب اسلامي ايران و ريشه هاي آن
معادل: 3022005 جريان شناسي سياسي صدساله ايران(انقلاب اسلامي)
معادل: 3210032 انقلاب اسلامي ايران",,2,0,واحد_ع,False,
3022031_06,انقلاب اسلامي ايران,35,مرد,صلاح مهدي,"درس(ت): سه شنبه 09:30-11:30
امتحان(1404.11.02) ساعت : 07:30-09:30",دانشكده مديريت و اقتصاد _ 923,"معادل: 3022032 آشنايي با قانون اساسي جمهوري اسلامي ايران
معادل: 3022006 منظومه فكري تمدني رهبري(انقلاب اسلامي)
معادل: 3022033 انديشه سياسي امام خميني (ره)
معادل: 4816009 انقلاب اسلامي ايران و ريشه هاي آن
معادل: 3022005 جريان شناسي سياسي صدساله ايران(انقلاب اسلامي)
معادل: 3210032 انقلاب اسلامي ايران",,2,0,واحد_ع,False,
3022031_07,انقلاب اسلامي ايران,35,زن,ميرلطفي پرويز رضا,"درس(ت): سه شنبه 15:00-17:00
امتحان(1404.11.02) ساعت : 07:30-09:30",ساختمان كلاسهاي دانشكده مهندسي _ كلاس 202,"معادل: 3022032 آشنايي با قانون اساسي جمهوري اسلامي ايران
معادل: 3022006 منظومه فكري تمدني رهبري(انقلاب اسلامي)
معادل: 3022033 انديشه سياسي امام خميني (ره)
معادل: 4816009 انقلاب اسلامي ايران و ريشه هاي آن
معادل: 3022005 جريان شناسي سياسي صدساله ايران(انقلاب اسلامي)
معادل: 3210032 انقلاب اسلامي ايران",,2,0,واحد_ع,False,
3022031_08,انقلاب اسلامي ايران,35,مرد,خسروي سعيد,"درس(ت): سه شنبه 13:00-15:00
امتحان(1404.11.02) ساعت : 07:30-09:30",ساختمان كلاسهاي دانشكده مهندسي _ كلاس 208,"معادل: 3022032 آشنايي با قانون اساسي جمهوري اسلامي ايران
معادل: 3022006 منظومه فكري تمدني رهبري(انقلاب اسلامي)
معادل: 3022033 انديشه سياسي امام خميني (ره)
معادل: 4816009 انقلاب اسلامي ايران و ريشه هاي آن
معادل: 3022005 جريان شناسي سياسي صدساله ايران(انقلاب اسلامي)
معادل: 3210032 انقلاب اسلامي ايران",,2,0,واحد_ع,False,
3022031_09,انقلاب اسلامي ايران,35,زن,پيري محمد,"درس(ت): يك شنبه 09:30-11:30
امتحان(1404.11.02) ساعت : 07:30-09:30",دانشكده مديريت و اقتصاد _ 923,"معادل: 3022032 آشنايي با قانون اساسي جمهوري اسلامي ايران
معادل: 3022006 منظومه فكري تمدني رهبري(انقلاب اسلامي)
معادل: 3022033 انديشه سياسي امام خميني (ره)
معادل: 4816009 انقلاب اسلامي ايران و ريشه هاي آن
معادل: 3022005 جريان شناسي سياسي صدساله ايران(انقلاب اسلامي)
معادل: 3210032 انقلاب اسلامي ايران",,2,0,واحد_ع,False,
3022031_10,انقلاب اسلامي ايران,35,مرد,خسروي سعيد,"درس(ت): سه شنبه 15:00-17:00
امتحان(1404.11.02) ساعت : 09:30-11:30",ساختمان كلاسهاي دانشكده مهندسي _ كلاس 208,"معادل: 3022032 آشنايي با قانون اساسي جمهوري اسلامي ايران
معادل: 3022006 منظومه فكري تمدني رهبري(انقلاب اسلامي)
معادل: 3022033 انديشه سياسي امام خميني (ره)
معادل: 4816009 انقلاب اسلامي ايران و ريشه هاي آن
معادل: 3022005 جريان شناسي سياسي صدساله ايران(انقلاب اسلامي)
معادل: 3210032 انقلاب اسلامي ايران",,2,0,واحد_ع,False,
3022031_11,انقلاب اسلامي ايران,35,زن,صلاح مهدي,"درس(ت): سه شنبه 15:00-17:00
امتحان(1404.11.02) ساعت : 07:30-08:30",ساختمان كلاسهاي دانشكده مهندسي _ كلاس 206,"معادل: 3022032 آشنايي با قانون اساسي جمهوري اسلامي ايران
معادل: 3022006 منظومه فكري تمدني رهبري(انقلاب اسلامي)
معادل: 3022033 انديشه سياسي امام خميني (ره)
معادل: 4816009 انقلاب اسلامي ايران و ريشه هاي آن
معادل: 3022005 جريان شناسي سياسي صدساله ايران(انقلاب اسلامي)
معادل: 3210032 انقلاب اسلامي ايران",,2,0,واحد_ع,False,
3022022_01,اخلاق اسلامي (مباني و مفاهيم),35,زن,براهويي جهانشاهي مريم,"درس(ت): چهارشنبه 07:30-09:30
امتحان(1404.10.25) ساعت : 07:30-09:30",دانشكده مديريت و اقتصاد _ تالار معراج,"معادل: 3022023 آيين زندگي (اخلاق كاربردي)
معادل: 3022021 فلسفه اخلاق (مباحث تربيتي)
معادل: 3022010 عرفان ومعنويت درصحيفه سجاديه(اخلاق اسلامي)
معادل: 3022024 عرفان عملي اسلام
معادل: 1218002 اخلاق اسلامي 1
معادل: 1218006 اخلاق و تربيت اسلامي 1
معادل: 1218005 اخلاق و تربيت اسلامي 1
معادل: 4816114 آيين زندگي
معادل: 3022011 اخلاق اجتماعي(اخلاق اسلامي)
معادل: 3022008 اخلاق غريزه(اخلاق اسلامي)
معادل: 3022009 اخلاق شناخت وانديشه ورزي(اخلاق اسلامي)
معادل: 3010085 تعليم و تربيت اسلامي",,2,0,واحد_ع,False,
3022022_02,اخلاق اسلامي (مباني و مفاهيم),35,مرد,بامري عبدالواحد,"درس(ت): يك شنبه 07:30-09:30
امتحان(1404.10.25) ساعت : 07:30-09:30",دانشكده مديريت و اقتصاد _ تالار معراج,"معادل: 3022023 آيين زندگي (اخلاق كاربردي)
معادل: 3022021 فلسفه اخلاق (مباحث تربيتي)
معادل: 3022010 عرفان ومعنويت درصحيفه سجاديه(اخلاق اسلامي)
معادل: 3022024 عرفان عملي اسلام
معادل: 1218002 اخلاق اسلامي 1
معادل: 1218006 اخلاق و تربيت اسلامي 1
معادل: 1218005 اخلاق و تربيت اسلامي 1
معادل: 4816114 آيين زندگي
معادل: 3022011 اخلاق اجتماعي(اخلاق اسلامي)
معادل: 3022008 اخلاق غريزه(اخلاق اسلامي)
معادل: 3022009 اخلاق شناخت وانديشه ورزي(اخلاق اسلامي)
معادل: 3010085 تعليم و تربيت اسلامي",,2,0,واحد_ع,False,
3022022_03,اخلاق اسلامي (مباني و مفاهيم),35,زن,براهويي جهانشاهي مريم,"درس(ت): چهارشنبه 09:30-11:30
امتحان(1404.10.25) ساعت : 07:30-09:30",دانشكده مديريت و اقتصاد _ 923,"معادل: 3022023 آيين زندگي (اخلاق كاربردي)
معادل: 3022021 فلسفه اخلاق (مباحث تربيتي)
معادل: 3022010 عرفان ومعنويت درصحيفه سجاديه(اخلاق اسلامي)
معادل: 3022024 عرفان عملي اسلام
معادل: 1218002 اخلاق اسلامي 1
معادل: 1218006 اخلاق و تربيت اسلامي 1
معادل: 1218005 اخلاق و تربيت اسلامي 1
معادل: 4816114 آيين زندگي
معادل: 3022011 اخلاق اجتماعي(اخلاق اسلامي)
معادل: 3022008 اخلاق غريزه(اخلاق اسلامي)
معادل: 3022009 اخلاق شناخت وانديشه ورزي(اخلاق اسلامي)
معادل: 3010085 تعليم و تربيت اسلامي",,2,0,واحد_ع,False,
3022022_04,اخلاق اسلامي (مباني و مفاهيم),35,مرد,باراني ابوالحسن,"درس(ت): يك شنبه 18:00-20:00
امتحان(1404.10.25) ساعت : 07:30-09:30",دانشكده مديريت و اقتصاد _ 923,"معادل: 3022023 آيين زندگي (اخلاق كاربردي)
معادل: 3022021 فلسفه اخلاق (مباحث تربيتي)
معادل: 3022010 عرفان ومعنويت درصحيفه سجاديه(اخلاق اسلامي)
معادل: 3022024 عرفان عملي اسلام
معادل: 1218002 اخلاق اسلامي 1
معادل: 1218006 اخلاق و تربيت اسلامي 1
معادل: 1218005 اخلاق و تربيت اسلامي 1
معادل: 4816114 آيين زندگي
معادل: 3022011 اخلاق اجتماعي(اخلاق اسلامي)
معادل: 3022008 اخلاق غريزه(اخلاق اسلامي)
معادل: 3022009 اخلاق شناخت وانديشه ورزي(اخلاق اسلامي)
معادل: 3010085 تعليم و تربيت اسلامي",,2,0,واحد_ع,False,
3022022_05,اخلاق اسلامي (مباني و مفاهيم),35,زن,شهركي عصمت,"درس(ت): چهارشنبه 15:00-17:00
امتحان(1404.10.25) ساعت : 07:30-09:30",ساختمان كلاسهاي دانشكده مهندسي _ كلاس 206,"معادل: 3022023 آيين زندگي (اخلاق كاربردي)
معادل: 3022021 فلسفه اخلاق (مباحث تربيتي)
معادل: 3022010 عرفان ومعنويت درصحيفه سجاديه(اخلاق اسلامي)
معادل: 3022024 عرفان عملي اسلام
معادل: 1218002 اخلاق اسلامي 1
معادل: 1218006 اخلاق و تربيت اسلامي 1
معادل: 1218005 اخلاق و تربيت اسلامي 1
معادل: 4816114 آيين زندگي
معادل: 3022011 اخلاق اجتماعي(اخلاق اسلامي)
معادل: 3022008 اخلاق غريزه(اخلاق اسلامي)
معادل: 3022009 اخلاق شناخت وانديشه ورزي(اخلاق اسلامي)
معادل: 3010085 تعليم و تربيت اسلامي",,2,0,واحد_ع,False,
3022022_06,اخلاق اسلامي (مباني و مفاهيم),35,مرد,طاهري علي اكبر,"درس(ت): سه شنبه 15:00-17:00
امتحان(1404.10.25) ساعت : 07:30-09:30",دانشكده مديريت و اقتصاد _ تالار معراج,"معادل: 3022023 آيين زندگي (اخلاق كاربردي)
معادل: 3022021 فلسفه اخلاق (مباحث تربيتي)
معادل: 3022010 عرفان ومعنويت درصحيفه سجاديه(اخلاق اسلامي)
معادل: 3022024 عرفان عملي اسلام
معادل: 1218002 اخلاق اسلامي 1
معادل: 1218006 اخلاق و تربيت اسلامي 1
معادل: 1218005 اخلاق و تربيت اسلامي 1
معادل: 4816114 آيين زندگي
معادل: 3022011 اخلاق اجتماعي(اخلاق اسلامي)
معادل: 3022008 اخلاق غريزه(اخلاق اسلامي)
معادل: 3022009 اخلاق شناخت وانديشه ورزي(اخلاق اسلامي)
معادل: 3010085 تعليم و تربيت اسلامي",,2,0,واحد_ع,False,
3022022_07,اخلاق اسلامي (مباني و مفاهيم),35,زن,شهركي عصمت,"درس(ت): چهارشنبه 18:00-20:00
امتحان(1404.11.02) ساعت : 07:30-09:30",ساختمان كلاسهاي دانشكده مهندسي _ كلاس 206,"معادل: 3022023 آيين زندگي (اخلاق كاربردي)
معادل: 3022021 فلسفه اخلاق (مباحث تربيتي)
معادل: 3022010 عرفان ومعنويت درصحيفه سجاديه(اخلاق اسلامي)
معادل: 3022024 عرفان عملي اسلام
معادل: 1218002 اخلاق اسلامي 1
معادل: 1218006 اخلاق و تربيت اسلامي 1
معادل: 1218005 اخلاق و تربيت اسلامي 1
معادل: 4816114 آيين زندگي
معادل: 3022011 اخلاق اجتماعي(اخلاق اسلامي)
معادل: 3022008 اخلاق غريزه(اخلاق اسلامي)
معادل: 3022009 اخلاق شناخت وانديشه ورزي(اخلاق اسلامي)
معادل: 3010085 تعليم و تربيت اسلامي",,2,0,واحد_ع,False,
3022022_08,اخلاق اسلامي (مباني و مفاهيم),35,مرد,جباري حسينعلي,"درس(ت): يك شنبه 13:00-15:00
امتحان(1404.10.25) ساعت : 07:30-09:30",ساختمان كلاسهاي دانشكده مهندسي _ كلاس 206,"معادل: 3022023 آيين زندگي (اخلاق كاربردي)
معادل: 3022021 فلسفه اخلاق (مباحث تربيتي)
معادل: 3022010 عرفان ومعنويت درصحيفه سجاديه(اخلاق اسلامي)
معادل: 3022024 عرفان عملي اسلام
معادل: 1218002 اخلاق اسلامي 1
معادل: 1218006 اخلاق و تربيت اسلامي 1
معادل: 1218005 اخلاق و تربيت اسلامي 1
معادل: 4816114 آيين زندگي
معادل: 3022011 اخلاق اجتماعي(اخلاق اسلامي)
معادل: 3022008 اخلاق غريزه(اخلاق اسلامي)
معادل: 3022009 اخلاق شناخت وانديشه ورزي(اخلاق اسلامي)
معادل: 3010085 تعليم و تربيت اسلامي",,2,0,واحد_ع,False,
3022022_09,اخلاق اسلامي (مباني و مفاهيم),35,زن,براهويي جهانشاهي مريم,"درس(ت): سه شنبه 18:00-20:00
امتحان(1404.10.25) ساعت : 07:30-09:30",دانشكده مديريت و اقتصاد _ تالار معراج,"معادل: 3022023 آيين زندگي (اخلاق كاربردي)
معادل: 3022021 فلسفه اخلاق (مباحث تربيتي)
معادل: 3022010 عرفان ومعنويت درصحيفه سجاديه(اخلاق اسلامي)
معادل: 3022024 عرفان عملي اسلام
معادل: 1218002 اخلاق اسلامي 1
معادل: 1218006 اخلاق و تربيت اسلامي 1
معادل: 1218005 اخلاق و تربيت اسلامي 1
معادل: 4816114 آيين زندگي
معادل: 3022011 اخلاق اجتماعي(اخلاق اسلامي)
معادل: 3022008 اخلاق غريزه(اخلاق اسلامي)
معادل: 3022009 اخلاق شناخت وانديشه ورزي(اخلاق اسلامي)
معادل: 3010085 تعليم و تربيت اسلامي",,2,0,واحد_ع,False,
3022022_10,اخلاق اسلامي (مباني و مفاهيم),35,مرد,جباري حسينعلي,"درس(ت): يك شنبه 15:00-17:00
امتحان(1404.10.25) ساعت : 07:30-09:30",ساختمان كلاسهاي دانشكده مهندسي _ كلاس 206,"معادل: 3022023 آيين زندگي (اخلاق كاربردي)
معادل: 3022021 فلسفه اخلاق (مباحث تربيتي)
معادل: 3022010 عرفان ومعنويت درصحيفه سجاديه(اخلاق اسلامي)
معادل: 3022024 عرفان عملي اسلام
معادل: 1218002 اخلاق اسلامي 1
معادل: 1218006 اخلاق و تربيت اسلامي 1
معادل: 1218005 اخلاق و تربيت اسلامي 1
معادل: 4816114 آيين زندگي
معادل: 3022011 اخلاق اجتماعي(اخلاق اسلامي)
معادل: 3022008 اخلاق غريزه(اخلاق اسلامي)
معادل: 3022009 اخلاق شناخت وانديشه ورزي(اخلاق اسلامي)
معادل: 3010085 تعليم و تربيت اسلامي",,2,0,واحد_ع,False,
3022042_01,تاريخ تحليلي صدر اسلام,35,زن,مهدوي مقام وجيهه,"درس(ت): دوشنبه 15:00-17:00
امتحان(1404.11.02) ساعت : 07:30-09:30",ساختمان كلاسهاي دانشكده مهندسي _ كلاس 208,"معادل: 3022020 تاريخ وسيره سياسي اهل بيت (ع) - مركز مبنا (تاريخ تحليلي صدر اسلام)
معادل: 3022041 تاريخ فرهنگ و تمدن اسلامي
معادل: 3022043 تاريخ امامت",,2,0,واحد_ع,False,
3022042_02,تاريخ تحليلي صدر اسلام,35,مرد,محمودي صاحبي مصطفي,"درس(ت): يك شنبه 07:30-09:30
امتحان(1404.11.02) ساعت : 07:30-09:30",ساختمان كلاسهاي دانشكده مهندسي _ كلاس 209,"معادل: 3022020 تاريخ وسيره سياسي اهل بيت (ع) - مركز مبنا (تاريخ تحليلي صدر اسلام)
معادل: 3022041 تاريخ فرهنگ و تمدن اسلامي
معادل: 3022043 تاريخ امامت",,2,0,واحد_ع,False,
3022042_03,تاريخ تحليلي صدر اسلام,35,زن,مهدوي مقام وجيهه,"درس(ت): دوشنبه 18:00-20:00
امتحان(1404.11.02) ساعت : 07:30-09:30",ساختمان كلاسهاي دانشكده مهندسي _ كلاس 208,"معادل: 3022020 تاريخ وسيره سياسي اهل بيت (ع) - مركز مبنا (تاريخ تحليلي صدر اسلام)
معادل: 3022041 تاريخ فرهنگ و تمدن اسلامي
معادل: 3022043 تاريخ امامت",,2,0,واحد_ع,False,
3022042_04,تاريخ تحليلي صدر اسلام,35,مرد,محمودي صاحبي مصطفي,"درس(ت): يك شنبه 09:30-11:30
امتحان(1404.11.02) ساعت : 07:30-09:30",ساختمان كلاسهاي دانشكده مهندسي _ كلاس 209,"معادل: 3022020 تاريخ وسيره سياسي اهل بيت (ع) - مركز مبنا (تاريخ تحليلي صدر اسلام)
معادل: 3022041 تاريخ فرهنگ و تمدن اسلامي
معادل: 3022043 تاريخ امامت",,2,0,واحد_ع,False,
3022042_05,تاريخ تحليلي صدر اسلام,35,زن,شهرياري شهرزاد,"درس(ت): چهارشنبه 15:00-17:00
امتحان(1404.11.02) ساعت : 07:30-09:30",ساختمان كلاسهاي دانشكده مهندسي _ كلاس 202,"معادل: 3022020 تاريخ وسيره سياسي اهل بيت (ع) - مركز مبنا (تاريخ تحليلي صدر اسلام)
معادل: 3022041 تاريخ فرهنگ و تمدن اسلامي
معادل: 3022043 تاريخ امامت",,2,0,واحد_ع,False,
3022042_06,تاريخ تحليلي صدر اسلام,35,مرد,امام دادي محمدتقي,"درس(ت): سه شنبه 13:00-15:00
امتحان(1404.11.02) ساعت : 07:30-09:30",ساختمان كلاسهاي دانشكده مهندسي _ كلاس 209,"معادل: 3022020 تاريخ وسيره سياسي اهل بيت (ع) - مركز مبنا (تاريخ تحليلي صدر اسلام)
معادل: 3022041 تاريخ فرهنگ و تمدن اسلامي
معادل: 3022043 تاريخ امامت",,2,0,واحد_ع,False,
3022042_07,تاريخ تحليلي صدر اسلام,35,زن,شهرياري شهرزاد,"درس(ت): چهارشنبه 18:00-20:00
امتحان(1404.11.02) ساعت : 07:30-09:30",ساختمان كلاسهاي دانشكده مهندسي _ كلاس 202,"معادل: 3022020 تاريخ وسيره سياسي اهل بيت (ع) - مركز مبنا (تاريخ تحليلي صدر اسلام)
معادل: 3022041 تاريخ فرهنگ و تمدن اسلامي
معادل: 3022043 تاريخ امامت",,2,0,واحد_ع,False,
3022042_08,تاريخ تحليلي صدر اسلام,35,مرد,امام دادي محمدتقي,"درس(ت): سه شنبه 15:00-17:00
امتحان(1404.11.02) ساعت : 07:30-09:30",ساختمان كلاسهاي دانشكده مهندسي _ كلاس 209,"معادل: 3022020 تاريخ وسيره سياسي اهل بيت (ع) - مركز مبنا (تاريخ تحليلي صدر اسلام)
معادل: 3022041 تاريخ فرهنگ و تمدن اسلامي
معادل: 3022043 تاريخ امامت",,2,0,واحد_ع,False,
3022042_09,تاريخ تحليلي صدر اسلام,35,زن,محمودي صاحبي مصطفي,"درس(ت): سه شنبه 07:30-09:30
امتحان(1404.11.02) ساعت : 07:30-09:30",ساختمان كلاسهاي دانشكده مهندسي _ كلاس 209,"معادل: 3022020 تاريخ وسيره سياسي اهل بيت (ع) - مركز مبنا (تاريخ تحليلي صدر اسلام)
معادل: 3022041 تاريخ فرهنگ و تمدن اسلامي
معادل: 3022043 تاريخ امامت",,2,0,واحد_ع,False,
3022042_11,تاريخ تحليلي صدر اسلام,35,زن,محمودي صاحبي مصطفي,"درس(ت): چهارشنبه 07:30-09:30
امتحان(1404.11.02) ساعت : 07:30-08:30",ساختمان كلاسهاي دانشكده مهندسي _ كلاس 202,"معادل: 3022020 تاريخ وسيره سياسي اهل بيت (ع) - مركز مبنا (تاريخ تحليلي صدر اسلام)
معادل: 3022041 تاريخ فرهنگ و تمدن اسلامي
معادل: 3022043 تاريخ امامت",,2,0,واحد_ع,False,
2226101_01,فيزيك2,30,مختلط,دارائي احمدرضا,"درس(ت): يك شنبه 07:30-09:30
حل تمرين(ت): سه شنبه 13:00-15:00
امتحان(1404.11.08) ساعت : 09:30-11:30",دانشكده علوم پايه (جديد) _ كلاس 56,"معادل: 2212109 فيزيك 2
معادل: 2212109 فيزيك 2",دانشكده رياضي,3,0,واحد_ع,False,
1818084_01,تربيت بدني ويژه,15,مختلط,رضائي پور محمدرضا,درس(ع): دوشنبه 07:30-09:30,دانشكده ادبيات و علوم انساني _ كلاس 105,معادل: 1818080 تربيت بدني,,1,1,واحد_ع,False,
3022016_01,انديشه اسلامي 2,35,زن,نجفي سواد رودباري رضوانه,"درس(ت): دوشنبه 07:30-09:30
امتحان(1404.10.25) ساعت : 08:30-09:30",دانشكده مديريت و اقتصاد _ 923,"پيش نياز: 3022015 انديشه اسلامي 1
معادل: 4816015 انديشه اسلامي 2
معادل: 3022002 نبوت وولايت درقرآن(انديشه اسلامي 2)
معادل: 3022004 فلسفه حق وارزش (انديشه اسلامي 2)
معادل: 3022018 حقوق اجتماعي و سياسي در اسلام",,2,0,واحد_ع,False,
3022016_02,انديشه اسلامي 2,35,مرد,باراني ابوالحسن,"درس(ت): دوشنبه 15:00-17:00
امتحان(1404.10.25) ساعت : 08:30-09:30",دانشكده مديريت و اقتصاد _ 923,"پيش نياز: 3022015 انديشه اسلامي 1
معادل: 4816015 انديشه اسلامي 2
معادل: 3022002 نبوت وولايت درقرآن(انديشه اسلامي 2)
معادل: 3022004 فلسفه حق وارزش (انديشه اسلامي 2)
معادل: 3022018 حقوق اجتماعي و سياسي در اسلام",,2,0,واحد_ع,False,
3022016_03,انديشه اسلامي 2,35,زن,نجفي سواد رودباري رضوانه,"درس(ت): دوشنبه 13:00-15:00
امتحان(1404.10.25) ساعت : 08:30-09:30",دانشكده مديريت و اقتصاد _ 923,"پيش نياز: 3022015 انديشه اسلامي 1
معادل: 4816015 انديشه اسلامي 2
معادل: 3022002 نبوت وولايت درقرآن(انديشه اسلامي 2)
معادل: 3022004 فلسفه حق وارزش (انديشه اسلامي 2)
معادل: 3022018 حقوق اجتماعي و سياسي در اسلام",,2,0,واحد_ع,False,
3022016_04,انديشه اسلامي 2,35,مرد,باراني ابوالحسن,"درس(ت): دوشنبه 18:00-20:00
امتحان(1404.10.25) ساعت : 08:30-09:30",دانشكده مديريت و اقتصاد _ 923,"پيش نياز: 3022015 انديشه اسلامي 1
معادل: 4816015 انديشه اسلامي 2
معادل: 3022002 نبوت وولايت درقرآن(انديشه اسلامي 2)
معادل: 3022004 فلسفه حق وارزش (انديشه اسلامي 2)
معادل: 3022018 حقوق اجتماعي و سياسي در اسلام",,2,0,واحد_ع,False,
3022016_05,انديشه اسلامي 2,35,زن,نجفي سواد رودباري رضوانه,"درس(ت): سه شنبه 07:30-09:30
امتحان(1404.10.25) ساعت : 08:30-09:30",دانشكده مديريت و اقتصاد _ 923,"پيش نياز: 3022015 انديشه اسلامي 1
معادل: 4816015 انديشه اسلامي 2
معادل: 3022002 نبوت وولايت درقرآن(انديشه اسلامي 2)
معادل: 3022004 فلسفه حق وارزش (انديشه اسلامي 2)
معادل: 3022018 حقوق اجتماعي و سياسي در اسلام",,2,0,واحد_ع,False,
3022016_06,انديشه اسلامي 2,35,مرد,باراني ابوالحسن,"درس(ت): سه شنبه 15:00-17:00
امتحان(1404.10.25) ساعت : 08:30-09:30",دانشكده مديريت و اقتصاد _ 923,"پيش نياز: 3022015 انديشه اسلامي 1
معادل: 4816015 انديشه اسلامي 2
معادل: 3022002 نبوت وولايت درقرآن(انديشه اسلامي 2)
معادل: 3022004 فلسفه حق وارزش (انديشه اسلامي 2)
معادل: 3022018 حقوق اجتماعي و سياسي در اسلام",,2,0,واحد_ع,False,
3022016_07,انديشه اسلامي 2,35,زن,اكبري قدسيه,"درس(ت): يك شنبه 15:00-17:00
امتحان(1404.10.25) ساعت : 08:30-09:30",ساختمان كلاسهاي دانشكده مهندسي _ كلاس 202,"پيش نياز: 3022015 انديشه اسلامي 1
معادل: 4816015 انديشه اسلامي 2
معادل: 3022002 نبوت وولايت درقرآن(انديشه اسلامي 2)
معادل: 3022004 فلسفه حق وارزش (انديشه اسلامي 2)
معادل: 3022018 حقوق اجتماعي و سياسي در اسلام",,2,0,واحد_ع,False,
3022016_08,انديشه اسلامي 2,35,مرد,باراني ابوالحسن,"درس(ت): سه شنبه 18:00-20:00
امتحان(1404.10.25) ساعت : 08:30-09:30",دانشكده مديريت و اقتصاد _ 923,"پيش نياز: 3022015 انديشه اسلامي 1
معادل: 4816015 انديشه اسلامي 2
معادل: 3022002 نبوت وولايت درقرآن(انديشه اسلامي 2)
معادل: 3022004 فلسفه حق وارزش (انديشه اسلامي 2)
معادل: 3022018 حقوق اجتماعي و سياسي در اسلام",,2,0,واحد_ع,False,
3022016_09,انديشه اسلامي 2,35,زن,اكبري قدسيه,"درس(ت): دوشنبه 07:30-09:30
امتحان(1404.10.25) ساعت : 08:30-09:30",ساختمان كلاسهاي دانشكده مهندسي _ كلاس 206,"پيش نياز: 3022015 انديشه اسلامي 1
معادل: 4816015 انديشه اسلامي 2
معادل: 3022002 نبوت وولايت درقرآن(انديشه اسلامي 2)
معادل: 3022004 فلسفه حق وارزش (انديشه اسلامي 2)
معادل: 3022018 حقوق اجتماعي و سياسي در اسلام",,2,0,واحد_ع,False,
3022016_10,انديشه اسلامي 2,35,مرد,باراني ابوالحسن,"درس(ت): شنبه 18:00-20:00
امتحان(1404.10.25) ساعت : 08:30-09:30",دانشكده مديريت و اقتصاد _ 923,"پيش نياز: 3022015 انديشه اسلامي 1
معادل: 4816015 انديشه اسلامي 2
معادل: 3022002 نبوت وولايت درقرآن(انديشه اسلامي 2)
معادل: 3022004 فلسفه حق وارزش (انديشه اسلامي 2)
معادل: 3022018 حقوق اجتماعي و سياسي در اسلام",,2,0,واحد_ع,False,
3022016_11,انديشه اسلامي 2,35,زن,اكبري قدسيه,"درس(ت): دوشنبه 15:00-17:00
امتحان(1404.10.25) ساعت : 08:30-09:30",ساختمان كلاسهاي دانشكده مهندسي _ كلاس 209,"پيش نياز: 3022015 انديشه اسلامي 1
معادل: 4816015 انديشه اسلامي 2
معادل: 3022002 نبوت وولايت درقرآن(انديشه اسلامي 2)
معادل: 3022004 فلسفه حق وارزش (انديشه اسلامي 2)
معادل: 3022018 حقوق اجتماعي و سياسي در اسلام",,2,0,واحد_ع,False,
3022016_13,انديشه اسلامي 2,35,زن,اساتيد گروه آموزشي,"درس(ت): شنبه 09:30-11:30
امتحان(1404.10.25) ساعت : 07:30-08:30",دانشكده مديريت و اقتصاد _ 923,"پيش نياز: 3022015 انديشه اسلامي 1
معادل: 4816015 انديشه اسلامي 2
معادل: 3022002 نبوت وولايت درقرآن(انديشه اسلامي 2)
معادل: 3022004 فلسفه حق وارزش (انديشه اسلامي 2)
معادل: 3022018 حقوق اجتماعي و سياسي در اسلام",,2,0,واحد_ع,False,
2814045_01,نرم افزارهاي رياضي,25,مختلط,كيخا وحيده,"درس(ت): شنبه 15:00-17:00
درس(ت): دوشنبه 15:00-17:00
امتحان(1404.11.07) ساعت : 09:30-11:30","دانشكده علوم پايه _ سايت كامپيوتر دانشكده رياضي
دانشكده علوم پايه _ كلآس 36","پيش نياز: 2814426 محاسبات علمي
معادل: 2810071 نرم افزارهاي رياضي",,3,0,واحد_ع,False,
2814302_01,زبانهاي برنامه سازي,20,مختلط,كيخا وحيده,"درس(ت): يك شنبه 18:00-20:00
درس(ت): سه شنبه 15:00-17:00
امتحان(1404.10.28) ساعت : 09:30-11:30",دانشكده علوم پايه _ سايت كامپيوتر دانشكده رياضي,پيش نياز: 2814421 ساختمان داده ها و الگوريتم,,3,0,واحد_ع,False,
2814413_01,مهندسي اينترنت,20,مختلط,كاظمي احمد,"درس(ت): يك شنبه 15:00-17:00
درس(ت): سه شنبه 18:00-20:00
امتحان(1404.10.30) ساعت : 09:30-11:30",,"پيش نياز: 2814420 شبكه هاي كامپيوتري
معادل: 2014424 مهندسي اينترنت",,3,0,واحد_ع,False,
2814007_01,كامپايلر,20,مختلط,كرد تمنداني يحيي,"درس(ت): دوشنبه 07:30-09:30
درس(ت): سه شنبه 07:30-09:30
امتحان(1404.11.08) ساعت : 09:30-11:30","دانشكده علوم پايه _ كلآس 36
دانشكده علوم پايه _ كلآس 37",پيش نياز: 2814014 مباني نظريه محاسبه,,3,0,واحد_ع,False,
2810120_02,معادلات ديفرانسيل,30,مختلط,باخرد مجتبي,"درس(ت): يك شنبه 07:30-09:30
درس(ت): سه شنبه 07:30-09:30
امتحان(1404.11.07) ساعت : 07:30-09:30",,"پيش نياز: 2810117 رياضي عمومي 2
معادل: 2816120 معادلات ديفرانسيل
معادل: 4815113 معادلات ديفرانسيل
معادل: 2412235 معادلات ديفرانسيل
معادل: 2418048 معادلات ديفرانسيل",,3,0,واحد_ع,False,
1818085_01,ورزش ويژه,15,مختلط,رضائي پور محمدرضا,درس(ع): دوشنبه 09:30-11:30,دانشكده ادبيات و علوم انساني _ كلاس 105,"پيش نياز: 1818084 تربيت بدني ويژه
پيش نياز: 1818080 تربيت بدني
معادل: 1818083 ورزش1
معادل: 1816085 ورزش ويژه
معادل: 1816083 ورزش1",,1,1,واحد_ع,False,
1818083_01,ورزش1,15,مرد,دلاور رضا,درس(ع): شنبه 07:30-09:30,سالن ورزشي 22 بهمن _ بسكتبال,"پيش نياز: 1818080 تربيت بدني
پيش نياز: 1818084 تربيت بدني ويژه
پيش نياز: 1816010 تربيت بدني
پيش نياز: 1816084 تربيت بدني ويژه
معادل: 1816083 ورزش1
معادل: 1818085 ورزش ويژه",بسكتبال,1,1,واحد_ع,False,
1818083_02,ورزش1,15,مرد,غفراني محسن,درس(ع): يك شنبه 07:30-09:30,سالن ورزشي 22 بهمن _ تنيس روي ميز,"پيش نياز: 1818080 تربيت بدني
پيش نياز: 1818084 تربيت بدني ويژه
پيش نياز: 1816010 تربيت بدني
پيش نياز: 1816084 تربيت بدني ويژه
معادل: 1816083 ورزش1
معادل: 1818085 ورزش ويژه",تنيس روي ميز,1,1,واحد_ع,False,
1818083_03,ورزش1,15,مرد,غفراني محسن,درس(ع): يك شنبه 09:30-11:30,سالن ورزشي 22 بهمن _ تنيس روي ميز,"پيش نياز: 1818080 تربيت بدني
پيش نياز: 1818084 تربيت بدني ويژه
پيش نياز: 1816010 تربيت بدني
پيش نياز: 1816084 تربيت بدني ويژه
معادل: 1816083 ورزش1
معادل: 1818085 ورزش ويژه",تنيس روي ميز,1,1,واحد_ع,False,
1818083_04,ورزش1,15,مرد,دلاور رضا,درس(ع): دوشنبه 07:30-09:30,سالن ورزشي 22 بهمن _ تنيس روي ميز,"پيش نياز: 1818080 تربيت بدني
پيش نياز: 1818084 تربيت بدني ويژه
پيش نياز: 1816010 تربيت بدني
پيش نياز: 1816084 تربيت بدني ويژه
معادل: 1816083 ورزش1
معادل: 1818085 ورزش ويژه",تنيس روي ميز,1,1,واحد_ع,False,
1818083_05,ورزش1,15,مرد,دلاور رضا,درس(ع): سه شنبه 07:30-09:30,سالن ورزشي 22 بهمن _ تنيس روي ميز,"پيش نياز: 1818080 تربيت بدني
پيش نياز: 1818084 تربيت بدني ويژه
پيش نياز: 1816010 تربيت بدني
پيش نياز: 1816084 تربيت بدني ويژه
معادل: 1816083 ورزش1
معادل: 1818085 ورزش ويژه",تنيس روي ميز,1,1,واحد_ع,False,
1818083_06,ورزش1,15,مرد,دلاور رضا,درس(ع): سه شنبه 09:30-11:30,سالن ورزشي 22 بهمن _ تنيس روي ميز,"پيش نياز: 1818080 تربيت بدني
پيش نياز: 1818084 تربيت بدني ويژه
پيش نياز: 1816010 تربيت بدني
پيش نياز: 1816084 تربيت بدني ويژه
معادل: 1816083 ورزش1
معادل: 1818085 ورزش ويژه",تنيس روي ميز,1,1,واحد_ع,False,
1818083_07,ورزش1,15,مرد,نخ زري مقدم محسن,درس(ع): سه شنبه 15:00-17:00,سالن ورزشي 22 بهمن _ فوتبال,"پيش نياز: 1818080 تربيت بدني
پيش نياز: 1818084 تربيت بدني ويژه
پيش نياز: 1816010 تربيت بدني
پيش نياز: 1816084 تربيت بدني ويژه
معادل: 1816083 ورزش1
معادل: 1818085 ورزش ويژه",فوتبال,1,1,واحد_ع,False,
1818083_08,ورزش1,15,مرد,غفراني محسن,درس(ع): چهارشنبه 15:00-17:00,سالن ورزشي 22 بهمن _ تنيس روي ميز,"پيش نياز: 1818080 تربيت بدني
پيش نياز: 1818084 تربيت بدني ويژه
پيش نياز: 1816010 تربيت بدني
پيش نياز: 1816084 تربيت بدني ويژه
معادل: 1816083 ورزش1
معادل: 1818085 ورزش ويژه",تنيس روي ميز,1,1,واحد_ع,False,
1818083_09,ورزش1,15,مرد,نخ زري مقدم محسن,درس(ع): چهارشنبه 15:00-17:00,سالن ورزشي 22 بهمن _ فوتبال,"پيش نياز: 1818080 تربيت بدني
پيش نياز: 1818084 تربيت بدني ويژه
پيش نياز: 1816010 تربيت بدني
پيش نياز: 1816084 تربيت بدني ويژه
معادل: 1816083 ورزش1
معادل: 1818085 ورزش ويژه",فوتبال,1,1,واحد_ع,False,
1818083_10,ورزش1,15,مرد,مولائي رحمت اله,درس(ع): يك شنبه 15:00-17:00,سالن ورزشي 22 بهمن _ واليبال,"پيش نياز: 1818080 تربيت بدني
پيش نياز: 1818084 تربيت بدني ويژه
پيش نياز: 1816010 تربيت بدني
پيش نياز: 1816084 تربيت بدني ويژه
معادل: 1816083 ورزش1
معادل: 1818085 ورزش ويژه",واليبال ساحلي,1,1,واحد_ع,False,
1818083_13,ورزش1,15,مرد,مير احمد,درس(ع): سه شنبه 15:00-17:00,سالن ورزشي 22 بهمن _ تنيس روي ميز,"پيش نياز: 1818080 تربيت بدني
پيش نياز: 1818084 تربيت بدني ويژه
پيش نياز: 1816010 تربيت بدني
پيش نياز: 1816084 تربيت بدني ويژه
معادل: 1816083 ورزش1
معادل: 1818085 ورزش ويژه",تنيس روي ميز,1,1,واحد_ع,False,
1818083_14,ورزش1,15,مرد,مير احمد,درس(ع): سه شنبه 18:00-20:00,سالن ورزشي 22 بهمن _ ورزش1,"پيش نياز: 1818080 تربيت بدني
پيش نياز: 1818084 تربيت بدني ويژه
پيش نياز: 1816010 تربيت بدني
پيش نياز: 1816084 تربيت بدني ويژه
معادل: 1816083 ورزش1
معادل: 1818085 ورزش ويژه",,1,1,واحد_ع,False,
1818083_15,ورزش1,15,زن,خليفه سلطاني مرضيه,درس(ع): يك شنبه 07:30-09:30,سالن ورزشي معين _ ورزش 1,"پيش نياز: 1818080 تربيت بدني
پيش نياز: 1818084 تربيت بدني ويژه
پيش نياز: 1816010 تربيت بدني
پيش نياز: 1816084 تربيت بدني ويژه
معادل: 1816083 ورزش1
معادل: 1818085 ورزش ويژه",ايروبيك,1,1,واحد_ع,False,
1818083_16,ورزش1,15,زن,خليفه سلطاني مرضيه,درس(ع): يك شنبه 13:00-15:00,سالن ورزشي معين _ ورزش 1,"پيش نياز: 1818080 تربيت بدني
پيش نياز: 1818084 تربيت بدني ويژه
پيش نياز: 1816010 تربيت بدني
پيش نياز: 1816084 تربيت بدني ويژه
معادل: 1816083 ورزش1
معادل: 1818085 ورزش ويژه",ايروبيك,1,1,واحد_ع,False,
1818083_17,ورزش1,15,زن,خليفه سلطاني مرضيه,درس(ع): يك شنبه 15:00-17:00,سالن ورزشي معين _ ورزش 1,"پيش نياز: 1818080 تربيت بدني
پيش نياز: 1818084 تربيت بدني ويژه
پيش نياز: 1816010 تربيت بدني
پيش نياز: 1816084 تربيت بدني ويژه
معادل: 1816083 ورزش1
معادل: 1818085 ورزش ويژه",ايروبيك,1,1,واحد_ع,False,
1818083_18,ورزش1,15,زن,قوي پنجه ناهيد,درس(ع): چهارشنبه 09:30-11:30,سالن ورزشي معين _ ورزش 1,"پيش نياز: 1818080 تربيت بدني
پيش نياز: 1818084 تربيت بدني ويژه
پيش نياز: 1816010 تربيت بدني
پيش نياز: 1816084 تربيت بدني ويژه
معادل: 1816083 ورزش1
معادل: 1818085 ورزش ويژه",يوگا,1,1,واحد_ع,False,
1818083_19,ورزش1,15,زن,قوي پنجه ناهيد,درس(ع): چهارشنبه 07:30-09:30,سالن ورزشي معين _ ورزش 1,"پيش نياز: 1818080 تربيت بدني
پيش نياز: 1818084 تربيت بدني ويژه
پيش نياز: 1816010 تربيت بدني
پيش نياز: 1816084 تربيت بدني ويژه
معادل: 1816083 ورزش1
معادل: 1818085 ورزش ويژه",يوگا,1,1,واحد_ع,False,
1818083_20,ورزش1,15,زن,جهانتيغ زهرا,درس(ع): سه شنبه 15:00-17:00,سالن ورزشي كوثر _ ورزش 1,"پيش نياز: 1818080 تربيت بدني
پيش نياز: 1818084 تربيت بدني ويژه
پيش نياز: 1816010 تربيت بدني
پيش نياز: 1816084 تربيت بدني ويژه
معادل: 1816083 ورزش1
معادل: 1818085 ورزش ويژه",,1,1,واحد_ع,False,
1818083_21,ورزش1,15,زن,بخشي زهره,درس(ع): يك شنبه 15:00-17:00,سالن ورزشي 22 بهمن _ سالن رزمي,"پيش نياز: 1818080 تربيت بدني
پيش نياز: 1818084 تربيت بدني ويژه
پيش نياز: 1816010 تربيت بدني
پيش نياز: 1816084 تربيت بدني ويژه
معادل: 1816083 ورزش1
معادل: 1818085 ورزش ويژه",,1,1,واحد_ع,False,
1818083_22,ورزش1,15,زن,بخشي زهره,درس(ع): سه شنبه 15:00-17:00,سالن ورزشي 22 بهمن _ سالن رزمي,"پيش نياز: 1818080 تربيت بدني
پيش نياز: 1818084 تربيت بدني ويژه
پيش نياز: 1816010 تربيت بدني
پيش نياز: 1816084 تربيت بدني ويژه
معادل: 1816083 ورزش1
معادل: 1818085 ورزش ويژه",,1,1,واحد_ع,False,
1818083_23,ورزش1,15,زن,راشكي قلعه نو روشنا,درس(ع): يك شنبه 07:30-09:30,سالن ورزشي كوثر _ سالن ورزشي كوثر,"پيش نياز: 1818080 تربيت بدني
پيش نياز: 1818084 تربيت بدني ويژه
پيش نياز: 1816010 تربيت بدني
پيش نياز: 1816084 تربيت بدني ويژه
معادل: 1816083 ورزش1
معادل: 1818085 ورزش ويژه",,1,1,واحد_ع,False,
1818083_24,ورزش1,15,زن,راشكي قلعه نو روشنا,درس(ع): يك شنبه 09:30-11:30,سالن ورزشي كوثر _ سالن ورزشي كوثر,"پيش نياز: 1818080 تربيت بدني
پيش نياز: 1818084 تربيت بدني ويژه
پيش نياز: 1816010 تربيت بدني
پيش نياز: 1816084 تربيت بدني ويژه
معادل: 1816083 ورزش1
معادل: 1818085 ورزش ويژه",,1,1,واحد_ع,False,
1011200_03,پدافند غير عامل,40,مختلط,اساتيد گروه آموزشي,,,,,2,0,واحد_ع,False,
1011200_04,پدافند غير عامل,40,مختلط,اساتيد گروه آموزشي,,,,,2,0,واحد_ع,False,
1818500_01,مهارت هاي زندگي دانشجويي,40,مختلط,فرنام علي,"درس(ت): يك شنبه 13:00-15:00
امتحان(1404.11.08) ساعت : 12:30-14:30",دانشكده علوم تربيتي و روانشناسي _ كلاس 1804,,,2,0,واحد_ع,False,
1818500_02,مهارت هاي زندگي دانشجويي,40,مختلط,فرنام علي,"درس(ت): سه شنبه 13:00-15:00
امتحان(1404.11.08) ساعت : 12:30-14:30",دانشكده ادبيات و علوم انساني _ كلاس 224,,,2,0,واحد_ع,False,
2810284_01,مباني تركيبيات,20,مختلط,الله دادي مهدي,"درس(ت): شنبه 07:30-09:30
درس(ت): سه شنبه 18:00-20:00
امتحان(1404.11.06) ساعت : 09:30-11:30",دانشكده علوم پايه _ كلآس 36,,,4,0,واحد_ع,False,
2814419_01,پروژه كارشناسي علوم كامپيوتر,10,مختلط,اساتيد گروه آموزشي,,,,,3,0,واحد_ع,False,
3022057_01,علوم و معارف دفاع مقدس ومقاومت,40,زن,باغباني غلامرضا,"درس(ت): چهارشنبه 13:00-15:00
امتحان(1404.10.29) ساعت : 12:30-14:30",دانشكده الهيات 1 _ كلاس سمعي بصري1,,,2,0,واحد_ع,False,
3022057_02,علوم و معارف دفاع مقدس ومقاومت,40,مرد,باغباني غلامرضا,"درس(ت): چهارشنبه 15:00-17:00
امتحان(1404.10.29) ساعت : 12:30-14:30",دانشكده الهيات 1 _ كلاس سمعي بصري1,,,2,0,واحد_ع,False,
3022057_03,علوم و معارف دفاع مقدس ومقاومت,40,زن,باغباني غلامرضا,"درس(ت): چهارشنبه 18:00-20:00
امتحان(1404.10.29) ساعت : 12:30-14:30",دانشكده الهيات 1 _ كلاس سمعي بصري1,,,2,0,واحد_ع,False,
3022057_04,علوم و معارف دفاع مقدس ومقاومت,40,زن,كيخا علي,"درس(ت): شنبه 15:00-17:00
امتحان(1404.10.29) ساعت : 12:30-14:30",دانشكده الهيات 1 _ كلاس سمعي بصري1,,,2,0,واحد_ع,False,
3022057_05,علوم و معارف دفاع مقدس ومقاومت,40,مرد,كيخا علي,"درس(ت): شنبه 18:00-20:00
امتحان(1404.10.29) ساعت : 12:30-14:30",دانشكده الهيات 1 _ كلاس سمعي بصري1,,,2,0,واحد_ع,False,
3022057_06,علوم و معارف دفاع مقدس ومقاومت,40,زن,كيخا علي,"درس(ت): يك شنبه 18:00-20:00
امتحان(1404.10.29) ساعت : 12:30-14:30",دانشكده الهيات 1 _ كلاس سمعي بصري1,,,2,0,واحد_ع,False,
3022057_07,علوم و معارف دفاع مقدس ومقاومت,40,زن,واثق عباسي عبدالله,"درس(ت): دوشنبه 18:00-20:00
امتحان(1404.10.29) ساعت : 12:30-14:30",دانشكده الهيات 1 _ كلاس سمعي بصري1,,,2,0,واحد_ع,False,
3022057_08,علوم و معارف دفاع مقدس ومقاومت,40,زن,واثق عباسي عبدالله,"درس(ت): چهارشنبه 18:00-20:00
امتحان(1404.10.29) ساعت : 12:30-14:30",,,,2,0,واحد_ع,False,
3022057_09,علوم و معارف دفاع مقدس ومقاومت,40,زن,حيدري نسب عليرضا,"درس(ت): شنبه 09:30-11:30
امتحان(1404.10.29) ساعت : 12:30-14:30",دانشكده الهيات 1 _ كلاس سمعي بصري1,,,2,0,واحد_ع,False,
3022057_10,علوم و معارف دفاع مقدس ومقاومت,40,مرد,حيدري نسب عليرضا,"درس(ت): يك شنبه 07:30-09:30
امتحان(1404.10.29) ساعت : 12:30-14:30",دانشكده الهيات 1 _ كلاس سمعي بصري1,,,2,0,واحد_ع,False,
3022057_11,علوم و معارف دفاع مقدس ومقاومت,40,زن,پيري محمد,"درس(ت): سه شنبه 09:30-11:30
امتحان(1404.10.29) ساعت : 12:30-14:30",دانشكده الهيات 1 _ كلاس سمعي بصري1,,,2,0,واحد_ع,False,
3022057_12,علوم و معارف دفاع مقدس ومقاومت,40,مرد,پيري محمد,"درس(ت): چهارشنبه 09:30-11:30
امتحان(1404.10.29) ساعت : 12:30-14:30",دانشكده الهيات 1 _ كلاس سمعي بصري1,,,2,0,واحد_ع,False,
3022057_13,علوم و معارف دفاع مقدس ومقاومت,40,مرد,خدايار دادخدا,"درس(ت): سه شنبه 09:30-11:30
امتحان(1404.10.29) ساعت : 12:30-14:30",ساختمان كلاسهاي دانشكده مهندسي _ كلاس 202,,,2,0,واحد_ع,False,
